,Bonus,Salary,Team
0,773033.7000000001,7730337.0,
1,679611.7000000001,6796117.0,Boston Celtics
2,,,Boston Celtics
3,114864.0,1148640.0,Boston Celtics
4,500000.0,5000000.0,Boston Celtics
5,1200000.0,12000000.0,Boston Celtics
6,117096.0,1170960.0,Boston Celtics
7,216516.0,2165160.0,Boston Celtics
8,182436.0,1824360.0,Boston Celtics
9,343104.0,3431040.0,Boston Celtics
10,256926.0,2569260.0,Boston Celtics
11,691286.9,6912869.0,Boston Celtics
12,342551.0,3425510.0,Boston Celtics
13,174984.0,1749840.0,Boston Celtics
14,261697.5,2616975.0,Boston Celtics
15,342551.0,3425510.0,Brooklyn Nets
16,84505.90000000001,845059.0,Brooklyn Nets
17,150000.0,1500000.0,Brooklyn Nets
18,133548.0,1335480.0,Brooklyn Nets
19,630000.0,6300000.0,Brooklyn Nets
20,159984.0,1599840.0,Brooklyn Nets
21,13421.5,134215.0,Brooklyn Nets
22,150000.0,1500000.0,Brooklyn Nets
23,1968900.0,19689000.0,Brooklyn Nets
24,114024.0,1140240.0,Brooklyn Nets
25,94727.6,947276.0,Brooklyn Nets
26,98134.8,981348.0,Brooklyn Nets
27,94727.6,947276.0,Brooklyn Nets
28,94727.6,947276.0,Brooklyn Nets
29,1123595.5,11235955.0,Brooklyn Nets
30,800000.0,8000000.0,New York Knicks
31,163547.6,1635476.0,New York Knicks
32,3088.8,30888.0,New York Knicks
33,2287500.0,22875000.0,New York Knicks
34,740281.2000000001,7402812.0,New York Knicks
35,84505.90000000001,845059.0,New York Knicks
36,84505.90000000001,845059.0,New York Knicks
37,157236.0,1572360.0,New York Knicks
38,1265000.0,12650000.0,New York Knicks
39,375000.0,3750000.0,New York Knicks
40,413172.0,4131720.0,New York Knicks
41,281400.0,2814000.0,New York Knicks
42,163684.2,1636842.0,New York Knicks
43,94727.6,947276.0,New York Knicks
44,400000.0,4000000.0,New York Knicks
45,16740.600000000002,167406.0,New York Knicks
46,,,Philadelphia 76ers
47,94727.6,947276.0,Philadelphia 76ers
48,100000.0,1000000.0,Philadelphia 76ers
49,462696.0,4626960.0,Philadelphia 76ers
50,84505.90000000001,845059.0,Philadelphia 76ers
51,107416.90000000001,1074169.0,Philadelphia 76ers
52,650000.0,6500000.0,Philadelphia 76ers
53,214477.2,2144772.0,Philadelphia 76ers
54,52509.3,525093.0,Philadelphia 76ers
55,345780.0,3457800.0,Philadelphia 76ers
56,458268.0,4582680.0,Philadelphia 76ers
57,94727.6,947276.0,Philadelphia 76ers
58,286944.0,2869440.0,Philadelphia 76ers
59,94727.6,947276.0,Philadelphia 76ers
60,52509.3,525093.0,Philadelphia 76ers
61,281400.0,2814000.0,Toronto Raptors
62,152400.0,1524000.0,Toronto Raptors
63,1360000.0,13600000.0,Toronto Raptors
64,1005000.0,10050000.0,Toronto Raptors
65,250000.0,2500000.0,Toronto Raptors
66,700000.0,7000000.0,Toronto Raptors
67,1200000.0,12000000.0,Toronto Raptors
68,184200.0,1842000.0,Toronto Raptors
69,626867.5,6268675.0,Toronto Raptors
70,65000.0,650000.0,Toronto Raptors
71,355391.7,3553917.0,Toronto Raptors
72,290000.0,2900000.0,Toronto Raptors
73,24517.7,245177.0,Toronto Raptors
74,466048.2,4660482.0,Toronto Raptors
75,150936.0,1509360.0,Toronto Raptors
76,250000.0,2500000.0,Golden State Warriors
77,387339.80000000005,3873398.0,Golden State Warriors
78,1380000.0,13800000.0,Golden State Warriors
79,94727.6,947276.0,Golden State Warriors
80,1137078.6,11370786.0,Golden State Warriors
81,200874.80000000002,2008748.0,Golden State Warriors
82,1426087.0,14260870.0,Golden State Warriors
83,1171045.6,11710456.0,Golden State Warriors
84,554372.5,5543725.0,Golden State Warriors
85,113196.0,1131960.0,Golden State Warriors
86,84505.90000000001,845059.0,Golden State Warriors
87,127096.40000000001,1270964.0,Golden State Warriors
88,381500.0,3815000.0,Golden State Warriors
89,1550100.0,15501000.0,Golden State Warriors
90,28975.5,289755.0,Golden State Warriors
91,110060.20000000001,1100602.0,Los Angeles Clippers
92,11144.400000000001,111444.0,Los Angeles Clippers
93,567500.0,5675000.0,Los Angeles Clippers
94,52509.3,525093.0,Los Angeles Clippers
95,965000.0,9650000.0,Los Angeles Clippers
96,1890772.6,18907726.0,Los Angeles Clippers
97,110060.20000000001,1100602.0,Los Angeles Clippers
98,1968900.0,19689000.0,Los Angeles Clippers
99,94727.6,947276.0,Los Angeles Clippers
100,2146869.5,21468695.0,Los Angeles Clippers
101,337600.0,3376000.0,Los Angeles Clippers
102,94772.6,947726.0,Los Angeles Clippers
103,708500.0,7085000.0,Los Angeles Clippers
104,311079.60000000003,3110796.0,Los Angeles Clippers
105,115968.0,1159680.0,Los Angeles Clippers
106,300000.0,3000000.0,Los Angeles Lakers
107,84505.90000000001,845059.0,Los Angeles Lakers
108,70000.0,700000.0,Los Angeles Lakers
109,2500000.0,25000000.0,Los Angeles Lakers
110,84505.90000000001,845059.0,Los Angeles Lakers
111,1559221.7000000002,15592217.0,Los Angeles Lakers
112,52509.3,525093.0,Los Angeles Lakers
113,172425.0,1724250.0,Los Angeles Lakers
114,115560.0,1155600.0,Los Angeles Lakers
115,313224.0,3132240.0,Los Angeles Lakers
116,510312.0,5103120.0,Los Angeles Lakers
117,98134.8,981348.0,Los Angeles Lakers
118,700000.0,7000000.0,Los Angeles Lakers
119,94727.6,947276.0,Los Angeles Lakers
120,521916.9,5219169.0,Los Angeles Lakers
121,1350000.0,13500000.0,Phoenix Suns
122,212784.0,2127840.0,Phoenix Suns
123,20619.2,206192.0,Phoenix Suns
124,1300000.0,13000000.0,Phoenix Suns
125,116016.0,1160160.0,Phoenix Suns
126,98134.8,981348.0,Phoenix Suns
127,1350000.0,13500000.0,Phoenix Suns
128,380712.0,3807120.0,Phoenix Suns
129,103500.0,1035000.0,Phoenix Suns
130,5572.200000000001,55722.0,Phoenix Suns
131,94727.6,947276.0,Phoenix Suns
132,550000.0,5500000.0,Phoenix Suns
133,550000.0,5500000.0,Phoenix Suns
134,204108.0,2041080.0,Phoenix Suns
135,8339.7,83397.0,Phoenix Suns
136,98134.8,981348.0,Sacramento Kings
137,101542.1,1015421.0,Sacramento Kings
138,606060.6,6060606.0,Sacramento Kings
139,144918.7,1449187.0,Sacramento Kings
140,283618.60000000003,2836186.0,Sacramento Kings
141,339828.0,3398280.0,Sacramento Kings
142,501355.9,5013559.0,Sacramento Kings
143,1585195.0,15851950.0,Sacramento Kings
144,94727.6,947276.0,Sacramento Kings
145,52509.3,525093.0,Sacramento Kings
146,1240310.1,12403101.0,Sacramento Kings
147,770000.0,7700000.0,Sacramento Kings
148,315660.0,3156600.0,Sacramento Kings
149,84505.90000000001,845059.0,Sacramento Kings
150,950000.0,9500000.0,Sacramento Kings
151,84505.90000000001,845059.0,Chicago Bulls
152,225000.0,2250000.0,Chicago Bulls
153,1640750.0,16407500.0,Chicago Bulls
154,450000.0,4500000.0,Chicago Bulls
155,52509.3,525093.0,Chicago Bulls
156,744876.0,7448760.0,Chicago Bulls
157,850000.0,8500000.0,Chicago Bulls
158,94727.6,947276.0,Chicago Bulls
159,238044.0,2380440.0,Chicago Bulls
160,554372.5,5543725.0,Chicago Bulls
161,101542.1,1015421.0,Chicago Bulls
162,1340000.0,13400000.0,Chicago Bulls
163,139116.0,1391160.0,Chicago Bulls
164,2009306.4000000001,20093064.0,Chicago Bulls
165,153588.0,1535880.0,Chicago Bulls
166,114727.6,1147276.0,Cleveland Cavaliers
167,819302.9,8193029.0,Cleveland Cavaliers
168,1640750.1,16407501.0,Cleveland Cavaliers
169,2297050.0,22970500.0,Cleveland Cavaliers
170,94727.6,947276.0,Cleveland Cavaliers
171,,,Cleveland Cavaliers
172,94727.6,947276.0,Cleveland Cavaliers
173,127600.0,1276000.0,Cleveland Cavaliers
174,1968900.0,19689000.0,Cleveland Cavaliers
175,11119.6,111196.0,Cleveland Cavaliers
176,495000.0,4950000.0,Cleveland Cavaliers
177,898876.5,8988765.0,Cleveland Cavaliers
178,500000.0,5000000.0,Cleveland Cavaliers
179,1426087.0,14260870.0,Cleveland Cavaliers
180,210000.0,2100000.0,Cleveland Cavaliers
181,250000.0,2500000.0,Detroit Pistons
182,650000.0,6500000.0,Detroit Pistons
183,217046.5,2170465.0,Detroit Pistons
184,11144.400000000001,111444.0,Detroit Pistons
185,125244.0,1252440.0,Detroit Pistons
186,289176.0,2891760.0,Detroit Pistons
187,84505.90000000001,845059.0,Detroit Pistons
188,327209.10000000003,3272091.0,Detroit Pistons
189,1600000.0,16000000.0,Detroit Pistons
190,60000.0,600000.0,Detroit Pistons
191,1391304.4000000001,13913044.0,Detroit Pistons
192,284196.0,2841960.0,Detroit Pistons
193,627000.0,6270000.0,Detroit Pistons
194,500000.0,5000000.0,Detroit Pistons
195,300000.0,3000000.0,Detroit Pistons
196,405000.0,4050000.0,Indiana Pacers
197,100702.6,1007026.0,Indiana Pacers
198,1030000.0,10300000.0,Indiana Pacers
199,1712010.6,17120106.0,Indiana Pacers
200,800000.0,8000000.0,Indiana Pacers
201,400000.0,4000000.0,Indiana Pacers
202,135888.0,1358880.0,Indiana Pacers
203,21174.4,211744.0,Indiana Pacers
204,400000.0,4000000.0,Indiana Pacers
205,439422.5,4394225.0,Indiana Pacers
206,110000.0,1100000.0,Indiana Pacers
207,700000.0,7000000.0,Indiana Pacers
208,235776.0,2357760.0,Indiana Pacers
209,84505.90000000001,845059.0,Indiana Pacers
210,100702.6,1007026.0,Indiana Pacers
211,195396.0,1953960.0,Milwaukee Bucks
212,300000.0,3000000.0,Milwaukee Bucks
213,239904.0,2399040.0,Milwaukee Bucks
214,94727.6,947276.0,Milwaukee Bucks
215,166236.0,1662360.0,Milwaukee Bucks
216,294322.10000000003,2943221.0,Milwaukee Bucks
217,85500.0,855000.0,Milwaukee Bucks
218,800000.0,8000000.0,Milwaukee Bucks
219,1470000.0,14700000.0,Milwaukee Bucks
220,1640750.0,16407500.0,Milwaukee Bucks
221,29532.7,295327.0,Milwaukee Bucks
222,84505.90000000001,845059.0,Milwaukee Bucks
223,515244.0,5152440.0,Milwaukee Bucks
224,210929.40000000002,2109294.0,Milwaukee Bucks
225,660000.0,6600000.0,Milwaukee Bucks
226,173304.0,1733040.0,Milwaukee Bucks
227,144900.0,1449000.0,Dallas Mavericks
228,429000.0,4290000.0,Dallas Mavericks
229,110060.20000000001,1100602.0,Dallas Mavericks
230,395031.30000000005,3950313.0,Dallas Mavericks
231,405344.60000000003,4053446.0,Dallas Mavericks
232,208567.1,2085671.0,Dallas Mavericks
233,1640750.0,16407500.0,Dallas Mavericks
234,127096.40000000001,1270964.0,Dallas Mavericks
235,52509.3,525093.0,Dallas Mavericks
236,833333.4,8333334.0,Dallas Mavericks
237,520000.0,5200000.0,Dallas Mavericks
238,1536150.0,15361500.0,Dallas Mavericks
239,84505.90000000001,845059.0,Dallas Mavericks
240,94727.6,947276.0,Dallas Mavericks
241,537897.4,5378974.0,Dallas Mavericks
242,819303.0,8193030.0,Houston Rockets
243,30652.7,306527.0,Houston Rockets
244,648648.6000000001,6486486.0,Houston Rockets
245,822937.5,8229375.0,Houston Rockets
246,124272.0,1242720.0,Houston Rockets
247,164640.0,1646400.0,Houston Rockets
248,20060.0,200600.0,Houston Rockets
249,1575643.8,15756438.0,Houston Rockets
250,100000.0,1000000.0,Houston Rockets
251,2235936.4,22359364.0,Houston Rockets
252,248953.0,2489530.0,Houston Rockets
253,318979.4,3189794.0,Houston Rockets
254,228820.5,2288205.0,Houston Rockets
255,94727.6,947276.0,Houston Rockets
256,94727.6,947276.0,Houston Rockets
257,140460.0,1404600.0,Memphis Grizzlies
258,515853.9,5158539.0,Memphis Grizzlies
259,500000.0,5000000.0,Memphis Grizzlies
260,354250.0,3542500.0,Memphis Grizzlies
261,408801.9,4088019.0,Memphis Grizzlies
262,958842.6000000001,9588426.0,Memphis Grizzlies
263,70090.2,700902.0,Memphis Grizzlies
264,,,Memphis Grizzlies
265,1968800.0,19688000.0,Memphis Grizzlies
266,84505.90000000001,845059.0,Memphis Grizzlies
267,120144.0,1201440.0,Memphis Grizzlies
268,123084.0,1230840.0,Memphis Grizzlies
269,,,Memphis Grizzlies
270,,,Memphis Grizzlies
271,963855.5,9638555.0,Memphis Grizzlies
272,900000.0,9000000.0,Memphis Grizzlies
273,,,Memphis Grizzlies
274,546400.0,5464000.0,Memphis Grizzlies
275,438960.7,4389607.0,New Orleans Pelicans
276,850000.0,8500000.0,New Orleans Pelicans
277,921348.3,9213483.0,New Orleans Pelicans
278,110060.20000000001,1100602.0,New Orleans Pelicans
279,303692.7,3036927.0,New Orleans Pelicans
280,285000.0,2850000.0,New Orleans Pelicans
281,707073.0,7070730.0,New Orleans Pelicans
282,16988.3,169883.0,New Orleans Pelicans
283,116485.8,1164858.0,New Orleans Pelicans
284,84505.90000000001,845059.0,New Orleans Pelicans
285,1073458.6,10734586.0,New Orleans Pelicans
286,84505.90000000001,845059.0,New Orleans Pelicans
287,132000.0,1320000.0,New Orleans Pelicans
288,1551403.1,15514031.0,New Orleans Pelicans
289,101542.1,1015421.0,New Orleans Pelicans
290,1059550.7,10595507.0,New Orleans Pelicans
291,5572.200000000001,55722.0,New Orleans Pelicans
292,94727.6,947276.0,New Orleans Pelicans
293,338202.30000000005,3382023.0,New Orleans Pelicans
294,1968900.0,19689000.0,San Antonio Spurs
295,114288.0,1142880.0,San Antonio Spurs
296,94727.6,947276.0,San Antonio Spurs
297,750000.0,7500000.0,San Antonio Spurs
298,525000.0,5250000.0,San Antonio Spurs
299,281400.0,2814000.0,San Antonio Spurs
300,1000000.0,10000000.0,San Antonio Spurs
301,1640750.0,16407500.0,San Antonio Spurs
302,120000.0,1200000.0,San Antonio Spurs
303,20060.0,200600.0,San Antonio Spurs
304,25075.0,250750.0,San Antonio Spurs
305,357894.7,3578947.0,San Antonio Spurs
306,1343750.0,13437500.0,San Antonio Spurs
307,52509.3,525093.0,San Antonio Spurs
308,149918.7,1499187.0,San Antonio Spurs
309,200000.0,2000000.0,Atlanta Hawks
310,130452.0,1304520.0,Atlanta Hawks
311,285494.0,2854940.0,Atlanta Hawks
312,1200000.0,12000000.0,Atlanta Hawks
313,100000.0,1000000.0,Atlanta Hawks
314,574647.9,5746479.0,Atlanta Hawks
315,1867165.9000000001,18671659.0,Atlanta Hawks
316,94727.6,947276.0,Atlanta Hawks
317,52509.3,525093.0,Atlanta Hawks
318,176340.0,1763400.0,Atlanta Hawks
319,333333.30000000005,3333333.0,Atlanta Hawks
320,400000.0,4000000.0,Atlanta Hawks
321,975625.0,9756250.0,Atlanta Hawks
322,100000.0,1000000.0,Atlanta Hawks
323,800000.0,8000000.0,Atlanta Hawks
324,1312530.6,13125306.0,Charlotte Hornets
325,94727.6,947276.0,Charlotte Hornets
326,18945.5,189455.0,Charlotte Hornets
327,94727.6,947276.0,Charlotte Hornets
328,52509.3,525093.0,Charlotte Hornets
329,611003.4,6110034.0,Charlotte Hornets
330,1350000.0,13500000.0,Charlotte Hornets
331,261252.0,2612520.0,Charlotte Hornets
332,633140.4,6331404.0,Charlotte Hornets
333,303435.60000000003,3034356.0,Charlotte Hornets
334,567500.0,5675000.0,Charlotte Hornets
335,213900.0,2139000.0,Charlotte Hornets
336,1200000.0,12000000.0,Charlotte Hornets
337,700000.0,7000000.0,Charlotte Hornets
338,420420.0,4204200.0,Charlotte Hornets
339,2219273.0,22192730.0,Miami Heat
340,1015161.2000000001,10151612.0,Miami Heat
341,1478300.0,14783000.0,Miami Heat
342,94727.6,947276.0,Miami Heat
343,285494.0,2854940.0,Miami Heat
344,26189.4,261894.0,Miami Heat
345,84505.90000000001,845059.0,Miami Heat
346,554372.5,5543725.0,Miami Heat
347,52509.3,525093.0,Miami Heat
348,94727.6,947276.0,Miami Heat
349,2000000.0,20000000.0,Miami Heat
350,,,Miami Heat
351,98134.8,981348.0,Miami Heat
352,248172.0,2481720.0,Miami Heat
353,,,Miami Heat
354,94727.6,947276.0,Orlando Magic
355,228820.5,2288205.0,Orlando Magic
356,417168.0,4171680.0,Orlando Magic
357,374148.0,3741480.0,Orlando Magic
358,790000.0,7900000.0,Orlando Magic
359,834449.7000000001,8344497.0,Orlando Magic
360,84505.90000000001,845059.0,Orlando Magic
361,129444.0,1294440.0,Orlando Magic
362,238059.30000000002,2380593.0,Orlando Magic
363,519252.0,5192520.0,Orlando Magic
364,250572.0,2505720.0,Orlando Magic
365,430000.0,4300000.0,Orlando Magic
366,1125000.0,11250000.0,Orlando Magic
367,500000.0,5000000.0,Orlando Magic
368,400000.0,4000000.0,Washington Wizards
369,569467.4,5694674.0,Washington Wizards
370,437500.0,4375000.0,Washington Wizards
371,56171.600000000006,561716.0,Washington Wizards
372,330000.0,3300000.0,Washington Wizards
373,1121739.1,11217391.0,Washington Wizards
374,27303.800000000003,273038.0,Washington Wizards
375,1300000.0,13000000.0,Washington Wizards
376,800000.0,8000000.0,Washington Wizards
377,192024.0,1920240.0,Washington Wizards
378,466296.0,4662960.0,Washington Wizards
379,217046.5,2170465.0,Washington Wizards
380,110060.20000000001,1100602.0,Washington Wizards
381,20060.0,200600.0,Washington Wizards
382,1585195.0,15851950.0,Washington Wizards
383,281400.0,2814000.0,Denver Nuggets
384,300000.0,3000000.0,Denver Nuggets
385,353333.30000000005,3533333.0,Denver Nuggets
386,1044943.8,10449438.0,Denver Nuggets
387,1123595.5,11235955.0,Denver Nuggets
388,1400000.0,14000000.0,Denver Nuggets
389,158448.0,1584480.0,Denver Nuggets
390,130000.0,1300000.0,Denver Nuggets
391,170971.90000000002,1709719.0,Denver Nuggets
392,94727.6,947276.0,Denver Nuggets
393,310224.0,3102240.0,Denver Nuggets
394,434500.0,4345000.0,Denver Nuggets
395,184200.0,1842000.0,Denver Nuggets
396,25848.9,258489.0,Denver Nuggets
397,,,Denver Nuggets
398,395000.10000000003,3950001.0,Minnesota Timberwolves
399,147444.0,1474440.0,Minnesota Timberwolves
400,850000.0,8500000.0,Minnesota Timberwolves
401,128208.0,1282080.0,Minnesota Timberwolves
402,214836.0,2148360.0,Minnesota Timberwolves
403,205692.0,2056920.0,Minnesota Timberwolves
404,193884.0,1938840.0,Minnesota Timberwolves
405,1210000.0,12100000.0,Minnesota Timberwolves
406,94727.6,947276.0,Minnesota Timberwolves
407,1270000.0,12700000.0,Minnesota Timberwolves
408,114950.0,1149500.0,Minnesota Timberwolves
409,,,Minnesota Timberwolves
410,570360.0,5703600.0,Minnesota Timberwolves
411,575868.0,5758680.0,Minnesota Timberwolves
412,227904.0,2279040.0,Oklahoma City Thunder
413,375000.0,3750000.0,Oklahoma City Thunder
414,2015862.2000000002,20158622.0,Oklahoma City Thunder
415,313500.0,3135000.0,Oklahoma City Thunder
416,114024.0,1140240.0,Oklahoma City Thunder
417,1225000.0,12250000.0,Oklahoma City Thunder
418,1640750.0,16407500.0,Oklahoma City Thunder
419,146304.0,1463040.0,Oklahoma City Thunder
420,22288.800000000003,222888.0,Oklahoma City Thunder
421,334400.0,3344000.0,Oklahoma City Thunder
422,202152.0,2021520.0,Oklahoma City Thunder
423,121080.0,1210800.0,Oklahoma City Thunder
424,450000.0,4500000.0,Oklahoma City Thunder
425,513843.0,5138430.0,Oklahoma City Thunder
426,1674421.8,16744218.0,Oklahoma City Thunder
427,52509.3,525093.0,Portland Trail Blazers
428,804289.5,8042895.0,Portland Trail Blazers
429,62509.3,625093.0,Portland Trail Blazers
430,94727.6,947276.0,Portland Trail Blazers
431,698080.2000000001,6980802.0,Portland Trail Blazers
432,289405.9,2894059.0,Portland Trail Blazers
433,600000.0,6000000.0,Portland Trail Blazers
434,501600.0,5016000.0,Portland Trail Blazers
435,307588.0,3075880.0,Portland Trail Blazers
436,423628.7,4236287.0,Portland Trail Blazers
437,252516.0,2525160.0,Portland Trail Blazers
438,52509.3,525093.0,Portland Trail Blazers
439,141552.0,1415520.0,Portland Trail Blazers
440,285494.0,2854940.0,Portland Trail Blazers
441,263772.0,2637720.0,Portland Trail Blazers
442,477500.0,4775000.0,Utah Jazz
443,265824.0,2658240.0,Utah Jazz
444,946348.4,9463484.0,Utah Jazz
445,377772.0,3777720.0,Utah Jazz
446,1200000.0,12000000.0,Utah Jazz
447,117588.0,1175880.0,Utah Jazz
448,1540957.0,15409570.0,Utah Jazz
449,134844.0,1348440.0,Utah Jazz
450,205000.0,2050000.0,Utah Jazz
451,98134.8,981348.0,Utah Jazz
452,223980.0,2239800.0,Utah Jazz
453,243333.30000000002,2433333.0,Utah Jazz
454,90000.0,900000.0,Utah Jazz
455,290000.0,2900000.0,Utah Jazz
456,94727.6,947276.0,Utah Jazz
457,,,
